{
"tribunal":2,
"daysRemaining":1561161600000,
"displayRadius":1000,
"sun":{
"sunRise":1564490695641,
"sunSet":1564544934654
},
"moon":{
"phase":0.9404251714059964,
"luminosity":0.03462170686553584,
"zenith":2.4963984678405957,
"moonRise":1564483700681,
"moonSet":1564452772113,
"alwaysUp":false,
"alwaysDown":false
}
}